企业编号,企业总评分
1001,75.37427576893154
1002,79.83012197750153
1003,78.31826444408077
1004,83.25337630767768
1005,83.29149327055
1006,82.01362137628385
1007,87.67565281304154
1008,79.59207506657616
1009,78.23614771399461
1010,80.89570476426462
1011,84.18397169837692
1012,81.81165410217153
1013,82.04468885207538
1014,94.38461538461539
1015,78.79893197498384
1016,84.36111672085616
1017,88.21562648429845
1018,79.67307815370154
1019,81.00010023476385
1020,79.97121405361615
1021,86.73890738006307
1022,90.5530831104823
1023,86.91458915710923
1024,82.03442115679462
1025,92.50850024823154
1026,77.87095314813
1027,77.72179982013692
1028,80.96243300665846
1029,93.05152602114924
1030,76.98656645870076
1031,76.64176219627691
1032,77.47619856719078
1033,72.75165104683616
1034,81.62413417027155
1035,81.76356972088385
1036,77.49511291929308
1037,79.25207346462076
1038,85.30841877336769
1039,80.44775813314308
1040,79.7601884296823
1041,79.8223350887877
1042,86.47222323307308
1043,94.38461538461539
1044,81.3917739056154
1045,93.03518194796845
1046,85.61488938284077
1047,77.73154388503463
1048,93.23546167397001
1049,83.02627606241538
1050,91.77616353639232
1051,77.33863270316769
1052,82.12940410172385
1053,87.20584998158154
1054,81.99661424270923
1055,85.5422230055177
1056,78.88544319912538
1057,82.13303296851846
1058,83.44137322980308
1059,75.9284394085123
1060,80.5285498703823
1061,91.22475810642308
1062,77.89820879468999
1063,83.63858788114462
1064,76.59341709536153
1065,76.00071834398076
1066,77.35630387533153
1067,88.95694243109538
1068,80.09180429366307
1069,80.04178837190076
1070,91.18354336694462
1071,79.20320996082846
1072,73.62158590896153
1073,79.14268687268
1074,81.61169109278923
1075,79.27737167623386
1076,88.28610336359615
1077,73.78417889650615
1078,79.12392259051693
1079,80.83650896091078
1080,85.75196345749691
1081,78.30009026865538
1082,76.5553668845346
1083,94.38461538461539
1084,84.50993922059769
1085,79.8073776647277
1086,79.00912146250307
1088,76.99699822341616
1089,80.67020915939615
1090,78.77490701234
1091,78.92116381163308
1092,81.63655074118307
1093,86.36858595182693
1094,78.07358927596154
1095,78.16712535413616
1096,81.56057557434693
1097,79.21745989457153
1098,80.37388406930692
1099,79.93873951392847
1100,78.72242691736923
1101,87.32064809922463
1102,87.09881097197692
1103,78.82161514355
1104,80.23116129571923
1105,84.50385907027231
1106,79.36019995571232
1107,80.30361830197846
1108,84.50540510916076
1109,77.19762018429846
1110,82.3252857066277
1111,83.87462740392309
1112,88.12360421693461
1113,76.60562212712847
1114,78.61832720244692
1115,81.28665745500847
1116,72.61470483472615
1117,91.13313329420077
1118,93.07692307692307
1119,75.57493027408462
1120,77.22305456281616
1121,84.99229651854691
1122,79.42608622614154
1123,81.2173222442323
1124,87.97326833465462
1125,80.13186676998846
1126,81.93615078831846
1127,80.98376786121847
1128,79.31210265949616
1130,77.85408361522386
1131,81.36848910292231
1132,80.72008986083692
1133,85.47434316249539
1134,77.92367811107384
1135,81.31369035776923
1136,78.56950135465846
1137,87.43594246746383
1138,79.32362410155076
1139,79.34658424880922
1140,93.84615384615384
1141,93.07692307692307
1142,92.2489784593077
1143,87.99575117067693
1144,82.29743844102846
1145,78.8603606384023
1146,79.20715075127693
1147,82.42493466035154
1148,86.49544760055153
1149,75.93736510148
1150,80.11100956711462
1151,79.33299707884231
1152,92.92250989193693
1153,78.85135056432077
1154,79.98363030759384
1155,83.95068186718615
1156,80.67052619158076
1157,80.02390543891154
1158,83.19139555428308
1159,79.43249266266847
1160,79.96049193267768
1161,80.10221691200462
1162,80.58956869819693
1163,81.57049898683154
1164,91.56553162316462
1165,81.86341395043999
1166,91.64757797803307
1167,83.95785091973846
1168,83.05155901115154
1169,78.71920423185692
1170,85.90454354679308
1171,78.12019718542845
1173,87.90967834996154
1174,72.13863392257461
1175,79.49223549886153
1176,85.74365216011769
1178,78.24935853478077
1179,90.20594894562
1180,80.30103870734692
1181,81.67606671424308
1182,76.11480812218308
1183,88.09811145219847
1184,90.09392944364461
1185,88.78840530289462
1186,83.81807628385386
1187,92.16596087653693
1188,81.72417596310001
1189,77.72889009775155
1190,86.79570503486154
1191,88.67953662966308
1192,78.58492563067
1193,84.50689974995923
1194,80.08410528907154
1195,79.33299707884231
1196,82.55458676225308
1197,82.45850926856616
1198,77.26796286407539
1199,84.86982336095
1200,79.25407781102308
1201,78.13148749311154
1202,85.08225806735847
1203,81.54747561314308
1204,79.53259903396692
1205,79.80564673335385
1206,79.8690899305723
1207,80.3947729517177
1208,82.03286079238077
1209,73.06000824806769
1210,78.82581936513154
1211,86.17935126777077
1212,78.44401116084308
1213,84.91271330529308
1214,77.05394022197615
1215,86.40353581734922
1216,80.14648917537384
1217,80.69406033524155
1218,80.76349855252846
1219,79.67126681051077
1220,77.43963596088923
1221,88.69246105659077
1222,87.93520863756231
1223,80.67301459248692
1224,82.11430514067769
1225,91.7936909355177
1226,94.38461538461539
1227,81.50161503512231
1228,93.61934532811539
1229,79.58747994273
1230,84.68351791122615
1231,78.53648560017461
1232,94.1868586961477
1233,79.12701117269923
1234,78.03605444541847
1235,79.53882664464462
1236,81.64776316646923
1237,88.74377875768769
1238,79.2428568263023
1239,85.1027987511377
1240,78.28110339783153
1241,76.21285616275154
1242,81.10047647013
1243,93.07692307692307
1244,83.33940562175384
1245,79.93316940115847
1246,79.10833330847461
1247,82.14643176785154
1248,84.65379070665615
1249,82.20310381270384
1250,91.71733008485693
1251,77.68121758656693
1252,83.03587473397539
1253,81.0946936973254
1254,83.93292373506924
1255,84.66939014787307
1256,89.02715906611769
1257,77.60686015309615
1258,91.84861714752616
1259,81.83554964932615
1260,89.94746130595308
1261,79.29790576312922
1262,77.9702198876223
1263,93.75361603143078
1264,78.91448875574923
1265,90.40773072650923
1266,79.91742059217
1267,82.52849797329924
1268,80.26395716719
1269,78.02891677618308
1270,92.41138514626692
1271,80.65627062165692
1272,77.62070631601692
1273,82.27959838378
1274,82.15308215401923
1275,79.31360424940385
1276,78.84317348018769
1277,81.50131539791
1278,86.84765223293923
1279,79.88403749227923
1280,84.48333340043385
1281,81.06547971047155
1282,80.02827567004154
1283,80.31564233573462
1284,91.13882382390615
1285,90.52069762599692
1286,79.16309614440077
1287,83.4969809993
1288,77.85470329066692
1289,85.87102046662847
1290,80.85569553104077
1291,89.45090331604538
1292,80.24463262426384
1293,82.28859405179846
1294,91.79575555578539
1296,78.79826152288615
1297,83.45481876158307
1298,86.77415455663308
1299,77.78524976123461
1300,78.11247985714307
1301,81.25063971986616
1302,77.57948913469154
1303,75.27328516524385
1304,89.15901781400615
1305,84.89708946127
1306,80.46725748554616
1307,91.25991862203847
1308,91.24595091855231
1309,78.09440077002077
1310,78.21880672935539
1311,86.64636817470539
1312,77.77085656141308
1313,79.4747588662923
1314,80.09546073199385
1315,86.88869092988693
1316,79.17910100790154
1317,84.30844006656153
1318,87.95167731150923
1319,84.37368195599615
1320,81.4747909013323
1321,79.10508202457538
1322,80.56384548401
1323,81.5771398833223
1324,60.024839637073846
1325,80.28300219261615
1326,77.72179982013692
1327,92.07470576495923
1328,83.93706412117308
1329,84.79493249314538
1330,83.91294907493308
1331,77.43796727225231
1332,77.80256906103077
1333,89.57661729652692
1334,79.03750098979154
1335,75.15614360598693
1336,88.76845364484923
1337,80.63318334021693
1338,88.78293576124153
1339,77.82544010995616
1340,91.19478148051923
1341,94.38461538461539
1342,83.34373481538923
1343,84.50488206002768
1344,92.43975247408153
1345,77.81565083051538
1346,94.38461538461539
1347,90.49058220832077
1348,80.72241724187462
1349,93.42853062636
1350,76.76839145510385
1351,94.38461538461539
1352,80.89803784853538
1353,82.5825097705423
1354,79.46038540328232
1355,80.26247230464385
1356,93.46838416133076
1357,83.4969809993
1358,81.39200628662
1359,90.5428134694023
1360,88.98812840017078
1361,89.4409469048177
1362,86.65324538210308
1363,89.1063816896023
1364,86.40014971809846
1365,80.71117283378385
1366,79.15298050287461
1367,82.95752774066231
1368,82.54629660601539
1369,90.29017038133384
1370,87.78516539554153
1371,92.22134256390385
1372,79.81592374654463
1373,80.05095638195309
1374,79.61762874372077
1375,78.63391665432385
1376,91.08152387533384
1377,85.47355590376154
1378,82.80720803407308
1379,89.27467958897
1380,90.06070431314846
1381,87.74044269467078
1382,85.01514144324847
1383,84.45417878950693
1384,94.60306750380384
1385,86.57466168183538
1386,84.92840320727846
1387,77.81289320094153
1388,84.28599189622
1389,79.72073934711615
1390,87.56187268806615
1391,90.03669606136692
1392,87.36142226413538
1394,78.90391806461153
1395,80.59087091016154
1396,86.26369238053539
1397,84.25095486776154
1398,83.67643164062308
1399,92.32549067333693
1400,94.38461538461539
1401,89.42832979331692
1402,81.49073666020615
1403,88.2934714501123
1404,83.5210857640777
1405,79.22472090570538
1406,77.22238653419923
1407,76.83088287040309
1408,86.71137607607385
1409,91.18829777209538
1410,79.07917667401615
1411,84.4267184636523
1412,79.70630187096154
1413,89.73385267020538
1414,77.82841008716308
1415,83.38173548163692
1416,89.57233524434463
1417,93.07692307692307
1418,93.07692307692307
1419,87.0910751632
1420,93.07692307692307
1421,90.15737879623077
1422,92.67952255491385
1423,86.65366791321846
1424,91.28223124972692
1425,85.23878290448
1426,89.81806834766307
1427,88.10772459756308
1428,87.12495596988384
1429,85.64503125435922
1430,77.69478206063923
1431,78.8986505310023
1432,89.68897419798154
1433,93.29898306679462
1434,86.6376928402323
1435,84.22408886130847
1436,76.65312609231077
1437,79.24040125947923
1438,80.08518350427231
1439,80.59960299341846
1440,76.18410833562308
1441,80.77090224177462
1442,79.14784723603462
1443,89.95486214770615
1444,90.41821367081386
1446,67.66759058197462
1447,93.07692307692307
1448,83.90201019612077
1449,84.54082125612692
1450,93.0
1451,75.8491223181577
1452,71.35200699557768
1453,83.04756059775077
1454,86.56874563708692
1455,87.37074939771846
1456,81.88047913066384
1457,81.88762523815538
1458,87.36873456593923
1459,93.07692307692307
1460,91.43421249241
1461,86.74808584946615
1462,82.95985567884924
1463,77.99696838969155
1464,70.90607182064693
1465,81.92670535914922
1466,81.33944926613077
1467,78.12250645031462
1468,94.53032496458616
1469,89.14523291766
1470,79.53259903396692
1471,91.40183046352847
1472,89.05948794602924
1474,84.19482205899922
1475,91.97180246372615
1476,93.07692307692307
1477,81.42666436779615
1478,92.85477093689308
1479,85.19354103058463
1480,80.86147166267232
1481,93.07692307692307
1482,86.65301409481077
1483,90.3676192798377
1484,87.75642998833078
1485,76.08515529318385
1486,77.76205072628538
1487,89.44677716158154
1488,89.36244464835308
1489,78.5181967461477
1490,76.64874997484154
1491,79.78374727194846
1492,80.23862196838692
1493,80.59177763736693
1494,79.24480584940078
1495,78.25922592510308
1496,82.09248208280076
1497,76.25074606294154
1498,77.97899729890077
1499,79.8766539957777
1500,73.0096208171423
1501,78.73110278123539
1502,85.22026203000385
1503,75.31823016966923
1504,90.04606112042539
1505,83.80519195974153
1506,75.16682995285308
1507,82.21091953992077
1508,81.55812159871769
1509,90.90724845349538
1510,87.12552741036615
1511,79.98215594561462
1512,80.90227161330769
1513,77.91030369761384
1514,85.47728579982154
1515,78.85839279189769
1516,76.78283691125846
1517,77.14676253345999
1518,85.40529217941615
1519,80.48775279693538
1520,79.40400106352615
1521,81.7564371697223
1522,79.86623879147076
1523,79.43535721409692
1524,77.44151089405923
1525,78.81295621104154
1526,80.07121214516076
1527,80.90486585670845
1528,77.02990898907923
1529,78.47586391175693
1530,79.48213809021769
1531,77.68121758656693
1532,82.24972761286155
1533,71.52468684010692
1534,80.32302591975923
1535,77.88190512834616
1536,79.6032664988654
1537,84.15116855971232
1538,79.5936231547654
1539,90.64485950209999
1540,79.73784156116461
1541,77.56219024780769
1542,79.56174845814
1543,81.57669068911308
1544,76.87897890015539
1545,79.25471971097231
1546,82.1060339894577
1547,80.09775412605615
1548,87.04780053163769
1549,78.9001496494523
1550,79.12392259051693
1551,78.87746046049077
1552,80.96748453038693
1553,79.39845531393232
1554,74.9149000815977
1555,77.19894500452692
1556,78.21929705443462
1557,76.45803098411538
1558,80.88841628962076
1559,77.73105202386769
1560,90.44331694733846
1561,78.15604601012693
1562,79.00252105948539
1563,89.81035101911462
1564,84.67905137571846
1565,90.37561733428691
1566,79.03397763873615
1567,79.55309466432
1568,77.24719319516538
1569,78.98746561482153
1570,77.05591035026923
1571,66.87301241053385
1572,78.8844588147823
1573,78.54143290805231
1574,78.07091691084847
1575,78.72096588500462
1576,86.06070322071385
1577,78.17895329716846
1578,81.79610474191307
1579,75.38200678898231
1580,81.33008933744692
1581,89.16528845313307
1582,83.25705214166155
1583,84.51159488358385
1584,77.52169482916307
1585,78.52307007020154
1587,80.39721314471538
1588,77.53068180562386
1589,77.68782918265384
1590,79.57426757584385
1591,93.07692307692307
1592,79.35812526435001
1593,80.38773225016999
1594,78.2492363061723
1595,77.92201115615154
1596,79.85772455756693
1597,80.35834879232615
1598,77.13337320131384
1599,79.75879620830692
1600,77.95214321233692
1601,92.53846153846153
1602,77.89721057502923
1603,77.45101915413231
1604,84.43418240902385
1605,80.39918556151
1606,78.2816271885523
1607,79.07100315897922
1608,79.58892441876769
1609,78.94388186181
1610,83.59812264536308
1611,80.19817714956153
1612,81.11150008291847
1613,84.30030917817308
1614,80.45270423498538
1615,80.66209294507077
1617,81.86758944457154
1618,82.47609494486308
1619,79.05351261791847
1620,72.73924098476232
1621,81.05906169615385
1622,78.00670042862846
1623,94.38461538461539
1624,76.9528698724323
1625,76.82804425748616
1626,79.63893216971462
1627,79.48759125912461
1628,93.07692307692307
1629,78.62391223423077
1630,74.69228531443461
1631,77.61360113863385
1632,86.47576521136462
1633,93.74372807933
1634,77.09542150791307
1635,82.55273100874
1636,79.33264078931384
1637,78.92257216079847
1638,71.13087487006077
1639,79.94951764000692
1640,79.01138050251461
1641,78.6165318708177
1642,74.86735264703385
1643,75.81535082988461
1644,80.46612925571924
1645,92.62798240659077
1646,94.38461538461539
1647,82.20849820172614
1648,78.40722148392769
1649,88.3854162499023
1650,80.19692895952231
1651,71.51783465811307
1652,79.19753561258308
1653,80.61735200418846
1654,76.80225765988924
1655,80.48775279693538
1656,76.71512341863153
1657,90.21335300711615
1658,82.27860454016385
1659,82.66222398082385
1660,87.10700765007385
1661,78.73527350178539
1662,78.94388186181
1663,80.11127933938076
1664,83.87134976910308
1665,82.65535412450923
1666,76.88237206915693
1667,70.74970227798539
1668,85.99046816528538
1669,77.79467944998076
1670,79.40421115024616
1671,76.05015305279846
1672,77.69244694669077
1673,79.18072663196155
1674,89.15511349449231
1675,87.57330578782
1676,84.74460725694769
1677,78.9470443738723
1678,87.74279674784769
1679,78.50858174799538
1680,88.20478407047769
1681,78.69070663969615
1682,71.06169793047692
1683,83.23563203219078
1684,85.92051797052923
1685,94.23076923076923
1686,80.68970499133309
1687,80.57124084409307
1688,79.43531750933538
1689,79.96844724717538
1690,80.8188587948523
1691,80.10569486046384
1692,81.23750824878462
1693,76.90808723733923
1694,87.0616045404823
1695,76.66656273073154
1696,76.01489078368539
1697,81.03505237492847
1698,77.68121758656693
1699,79.62989073788692
1700,89.32309848631
1701,77.32983897470923
1702,79.6032664988654
1703,92.24072539660307
1704,86.95396733390078
1705,76.72406947618
1706,77.86486094683616
1707,94.38461538461539
1708,79.85340447492615
1709,78.03001695140539
1710,94.64977799716078
1711,88.75134901177154
1712,81.88403074146385
1713,77.22006008842538
1714,80.68593494770539
1715,89.67053237476922
1716,78.80124345712
1717,79.36308314179308
1718,79.21267540113077
1719,79.00147182582538
1720,84.21021832918385
1721,79.93442802935462
1722,78.10902169204155
1723,77.89738682751384
1724,78.56739458365462
1725,89.32766469797616
1727,92.04681984008923
1728,78.73318370195385
1729,93.0278665437423
1730,83.34245058049538
1731,83.73502533608462
1732,83.0356343089877
1733,79.16976341928616
1734,83.39414627726616
1735,89.72737147241077
1736,84.76403987463769
1737,82.33722279844847
1738,79.87924282219308
1739,79.30691984121307
1740,74.18374537371845
1741,86.26269940382308
1742,70.4835164795823
1743,78.99021529889308
1744,91.31827011366616
1745,88.36454984230308
1746,81.11803863514538
1747,77.04108549413385
1748,74.34084427148231
1749,77.76205072628538
1750,78.33144298846462
1751,81.08587898991615
1752,79.72817744953078
1753,80.09233658717308
1754,71.37115009367538
1755,88.7156892096023
1756,73.63219354463077
1757,82.73200526204538
1758,77.25675058474692
1759,77.36442051870615
1760,82.28298930295307
1761,74.76812424344308
1762,76.57049059936462
1763,82.52255348418231
1764,80.35182451192385
1765,84.55929192822923
1766,85.02931216243846
1767,79.3347403208777
1768,81.74241266767078
1769,87.71740691516153
1770,87.61667303634154
1771,79.75312708971538
1772,81.42129845453076
1773,77.92747604890154
1774,81.81980920081308
1775,87.13411460728615
1776,77.93829360977615
1777,84.18613301873846
1778,90.29385354107308
1779,86.55132586336308
1780,81.90506804592692
1781,94.55741564650307
1782,81.17579145174308
1783,92.71718660432691
1784,78.89677868867538
1785,82.11662111605769
1786,79.27150227384769
1787,80.87744354576846
1788,88.08973060236693
1789,82.51818993183923
1790,83.51465308112
1791,83.37008453978154
1792,85.71662676425461
1793,79.63532850460922
1794,94.38461538461539
1795,80.75492431572385
1796,92.44399915065154
1797,79.20709435052845
1798,94.38461538461539
1799,82.21653879433615
1800,85.46426145024154
1801,76.97176681545461
1802,84.17432046154386
1803,78.40332729810692
1804,87.97733458422846
1805,87.19713177166383
1806,79.11586986682923
1807,75.62962383172693
1808,80.64940429822154
1809,81.98463715193999
1810,75.89735517290384
1811,79.63298819426001
1812,82.61071955806077
1813,88.4056225838677
1814,78.45468097545616
1815,84.75097118709
1817,81.73222909350923
1818,80.64716653224
1819,82.78485652391461
1820,83.43332765156
1821,90.46304715784615
1822,86.54101527158538
1823,76.3201460851177
1824,75.97975427097077
1825,77.09090182484924
1826,78.08318216596155
1827,88.11291144269923
1828,82.4198019724423
1829,78.27366370275153
1830,78.94693837566538
1831,84.38991713170846
1832,86.4962089653123
1833,81.39485097237693
1834,76.01673189324077
1835,85.1239487672923
1836,82.48857097863001
1837,80.07837561042923
1838,82.22636309911846
1839,74.66709591838539
1840,93.07692307692307
1841,91.07876976814308
1842,75.18928872796
1843,84.54744144938307
1844,74.0085407488577
1846,84.88020313919615
1847,81.35796424663539
1848,75.66321636439461
1849,86.5344529357823
1850,78.45166588133307
1851,87.5564934433877
1852,81.39522500645846
1853,92.30481655773231
1854,94.38461538461539
1855,85.84172705366385
1856,78.64591864262923
1857,79.0081276545923
1858,81.55972922222847
1859,80.48672932718307
1860,88.55701586966231
1861,79.88343393612615
1862,90.98975583909538
1863,79.07372522491154
1864,81.08174929404615
1865,83.15915276943616
1866,77.9852788753177
1867,90.20219995240691
1868,79.62130821005769
1869,76.37018124096923
1870,93.74362153921462
1871,87.96340124294383
1872,94.09992057496078
1873,78.84874097760692
1874,92.38845363340076
1875,81.36093695850538
1876,82.81850208432924
1877,79.53104966505691
1878,89.53312203372307
1879,86.4143231074546
1880,77.95748498759693
1881,78.2816271885523
1882,72.97481244149154
1883,87.67269535178
1884,92.84615384615384
1885,78.44655835213615
1886,80.79615866873539
1887,88.63142997010232
1888,78.33269102106077
1889,74.91535050881077
1890,84.07437043024538
1891,88.08227500341846
1893,87.48295163197231
1894,86.4957518360823
1895,78.80122482328846
1896,88.90685599759922
1897,79.16615268243461
1898,90.27407986786847
1899,87.94237221537077
1900,93.07692307692307
1901,76.59450833286232
1902,85.70829282527077
1903,74.52931812292846
1904,81.99060258873922
1905,85.79376132782231
1906,72.52881482202847
1907,78.42455990745
1908,79.25769378129539
1909,85.26564212910077
1910,92.80777794064
1911,78.61381826582385
1912,85.92320200729462
1913,79.57965364365846
1914,74.27001385199846
1916,93.07692307692307
1917,86.30429844476153
1918,86.66468190327461
1919,94.38461538461539
1920,81.57857030525847
1921,82.37119585485385
1922,80.97327527401615
1923,78.60813928694924
1924,86.80213307350922
1925,93.07692307692307
1926,86.35479949433383
1927,88.86973104047692
1928,78.46298116375999
1929,94.38461538461539
1930,80.99020223810692
1931,93.07692307692307
1932,74.97068107886231
1933,81.60867303914
1935,93.07692307692307
1936,86.71955131845
1937,82.72918722197846
1938,85.24355346681847
1939,79.95995744524078
1940,75.86290987958614
1941,84.32650136900384
1943,93.16577376106538
1944,77.11924347002693
1945,75.60594091501538
1946,79.94696993378385
1947,87.62404418044306
1948,72.69896682772692
1949,93.07692307692307
1950,76.06666683997308
1951,83.11493219286922
1952,76.38729270606923
1953,90.75619357009616
1954,88.13060304181077
1955,79.68532803614076
1956,83.8261076324223
1957,78.62941350444076
1958,87.67543088525386
1959,81.33936929890615
1960,79.10955975555615
1961,86.55373895994616
1962,76.23926704120692
1963,81.00208662636231
1964,79.39803107592385
1965,83.12971563382231
1966,78.53883253453077
1967,92.23621534092155
1968,80.23758874397616
1969,79.44510240755
1970,92.06694151616307
1971,93.30073433452769
1972,90.02581078421846
1973,86.04397062530539
1974,81.64111095734539
1975,78.00674661771077
1977,88.80592862615154
1979,77.14559463349308
1980,87.11951430583768
1981,85.09072086169999
1982,87.43466532734999
1983,82.62247837968077
1984,79.51589780921154
1985,81.71225066647615
1986,82.9458534896977
1987,91.14180992830384
1988,84.12968753505231
1989,81.62403098026
1990,87.1977589611
1991,83.41762237421769
1992,75.88794064827846
1993,88.28957930342615
1994,84.09687327162308
1995,82.11190020712615
1996,86.75329859175692
1997,89.09984880605846
1998,87.58600148683385
1999,79.71165212188308
2000,81.85412346366923
2001,90.07102902616384
2003,90.15302102700308
2004,86.10395178988
2005,88.61992675279538
2006,81.66219620645693
2007,77.57210353431077
2008,86.92382600726692
2009,86.18445682762923
2010,83.01569557370462
2011,85.98056175547077
2012,86.38020840838922
2013,79.86409426282769
2014,78.91389959965846
2015,76.61851412777462
2016,83.11554233436
2017,84.2078334408577
2018,83.09670819994538
2019,82.49378627333462
2020,88.74131310096077
2021,85.32574783935385
2022,79.8336369255023
2023,81.63381569775768
2024,84.66645058527769
2025,83.02883070004
2026,79.97881191586693
2027,88.0580419142777
2028,87.26212335402231
2029,75.93125341437539
2030,81.76123629857462
2031,83.26354621169232
2032,88.55884663819307
2033,93.07692307692307
2034,87.89301357983538
2035,78.92909261604231
2036,78.35630012957384
2037,83.4912168617977
2038,81.34122504419155
2039,77.04141430481616
2040,83.52896929957693
2042,93.19997615701922
2043,77.81135895694538
2044,82.50151498584538
2045,81.77807403950538
2046,85.28432822787693
2047,82.51657942341538
2048,79.12584200680692
2049,81.12124310663384
2050,85.29943458233768
2051,81.71072113226693
2052,93.34367299277076
2053,79.8004418265523
2054,79.66588719162154
2055,82.33547909372462
2056,83.8097439292077
2057,73.44774149852154
2058,82.62803787738
2059,87.43291011509385
2060,79.59498047990539
2061,85.27309567214309
2062,80.63975466367692
2063,93.53125785859692
2064,83.35608568040924
2065,80.00405470110385
2066,84.47028488321462
2068,77.67976121081615
2069,84.39430320039693
2070,90.86149335825
2071,83.71410972759769
2072,78.30658505368538
2073,82.49087783650923
2074,90.42892082001
2075,90.35223296632154
2076,80.02816016957
2077,83.40357498858846
2078,82.97343535469847
2079,87.38124221289385
2080,83.89984102584307
2081,84.37562740097076
2082,84.65675524644
2083,78.34980761758924
2084,91.47630713196384
2085,84.21482140142153
2086,82.70998598418923
2087,87.5198008296877
2088,80.60857481361154
2089,87.27302982914539
2090,86.35561297104769
2091,82.76857155021462
2092,79.04340306230539
2093,87.19183966366384
2094,82.54147921680385
2095,86.48339480944692
2096,83.90451113043538
2097,81.32314689259539
2098,75.50749360132231
2099,83.71386578231615
2100,89.16677265615307
2101,79.31004919882
2102,85.37697834674385
2103,81.01090158933539
2104,82.53993258260923
2105,71.15851100478847
2106,88.38422311317692
2107,83.48336000715231
2108,85.04225611367923
2109,80.53013791787615
2110,82.15701438848154
2111,78.36569473921462
2112,81.37097997121691
2113,84.80024593211616
2114,83.00610774345922
2115,86.71836033071924
2116,81.87345647345693
2117,83.28967939918309
2118,82.47311628622846
2119,83.67688854070386
2120,84.21177021433846
2121,84.57971728133
2122,83.95609265466
2123,85.84958501844847
2124,86.40133906424538
2125,83.39957907614308
2126,83.52254125812
2127,88.30854693528386
2128,81.30760477233538
2129,89.92456705710077
2130,87.99296652004
2131,86.59498940278769
2132,85.68757554309614
2133,81.87744275094693
2134,87.90322074018692
2135,85.17515600462693
2136,83.61906079859924
2137,75.99093036431154
2138,77.50785746187077
2139,81.47184089137077
2140,83.52265804514154
2141,83.11097332949461
2142,86.66884162035846
2143,81.94996787979616
2144,84.44134063356154
2145,90.17892525361846
2146,81.41147291211692
2147,87.36158218835155
2148,83.22852079163692
2149,76.02611139777461
2150,84.57036382048153
2151,84.14692345308923
2152,72.51477967532077
2153,83.30446479845153
2154,82.46522529851768
2155,87.09756498648076
2156,82.95240966705693
2157,79.29190852709615
2158,90.96174886263307
2159,85.42027067350153
2160,86.44239803120153
2161,88.16322627145846
2162,82.87357212661846
2163,90.37566677525385
2164,80.89289325732692
2165,83.8248183298377
2166,81.01650874592693
2167,83.6667654194477
2168,81.84628437995154
2169,81.95810072483232
2170,83.80633339545615
2171,84.01488101742231
2172,93.0138031652554
2173,79.38246490160385
2174,89.71111129714846
2175,77.57750636487769
2176,84.82899096446693
2177,77.30094863364309
2178,81.85688566479999
2179,87.23305235547538
2180,80.17256998826231
2181,81.00349572212923
2182,83.62394042104386
2183,82.99286744279077
2184,78.23378238367307
2185,79.23756015069692
2186,80.01440284763615
2187,80.75808453044922
2188,81.17558812665538
2189,85.35412404534154
2190,81.87310811065308
2191,82.17846032649692
2192,90.51386094092923
2193,94.38461538461539
2194,77.18822789366308
2195,74.3229371679354
2196,89.87647476514692
2197,79.14378501171615
2198,71.64514326450077
2199,75.89234041259539
2200,79.96228998533769
2201,81.46713552620385
2202,79.50442382259077
2203,78.23703202133538
2204,77.93202651987308
2205,76.11010281986307
2206,93.07692307692307
2207,88.99412782025
2208,81.88035792290384
2209,81.78253920906309
2210,83.28298207051
2211,85.53166693600384
2212,81.64772616774769
2213,88.37866513246385
2214,80.83726652738616
2215,86.15087310054385
2216,88.02033666351846
2217,83.92055838405155
2218,88.77514818008615
2219,90.98611502215692
2220,90.76626804093154
2221,84.63741474328461
2222,74.66010132556846
2223,89.59858180681
2224,91.70643078518924
2225,80.43508258310538
2226,78.66005800182462
2227,82.71209728092077
2228,83.84273277432231
2229,81.76034700119845
2230,82.87054246183538
2231,91.92700411512538
2232,82.09599321355462
2233,83.83492885990539
2234,78.86605112668461
2235,86.67815834671231
2236,83.56701376457693
2237,86.46573291703923
2238,79.2757057652677
2239,87.28608867320847
2240,77.7290969214954
2241,87.47362335663077
2242,85.48768770275231
2243,87.57851852160385
2244,81.35999664998616
2245,87.81704559802
2246,88.31801364634077
2247,87.05572937690769
2248,81.42164567317386
2249,82.98061582429924
2250,88.15774833647001
2251,87.77737532818
2252,74.95091235581693
2253,87.04947270112154
2254,85.36814535092616
2255,86.90742663185307
2256,86.58953215856923
2257,81.5864264153077
2258,84.67846280192384
2259,88.03945049977615
2260,85.23542060456923
2261,84.33167499399308
2262,87.34652233179693
2263,94.99090148566847
2264,80.80102151589769
2265,84.37592439850846
2266,89.24291994926847
2267,82.60720417728615
2268,82.18320510863
2269,81.85271838141307
2270,84.78104492611845
2271,82.51679966714153
2272,84.27572214559308
2273,84.40175302985692
2274,91.66910172064924
2275,90.39009828582616
2276,80.86723736385078
2277,87.85350023620693
2278,78.31929814508385
2279,86.37770561850846
2280,83.18224752128693
2281,80.37745686097692
2282,77.98590487730385
2283,80.58081736870307
2284,87.79545254067308
2285,86.50970814196384
2286,88.30777730722308
2287,83.38833217393461
2288,83.67796595242
2289,88.6110778615546
2290,83.25626906070154
2291,84.11500009614923
2292,78.95001576522847
2293,83.22967298205846
2294,94.12213037600924
2295,86.57098972321693
2296,82.95832634046539
2297,86.19731400236846
2298,80.38340588711077
2299,83.60046954778231
2300,80.10571400316077
2301,88.4488443110877
2302,83.18002343392692
2303,93.40196597651538
2304,80.05823305955
2305,76.35203963767846
2306,82.84932091188
2307,81.24377423944847
2308,84.67434934796539
2309,75.50231901923922
2310,85.47659346534999
2311,85.79886962651462
2312,81.64203422715461
2313,81.86103511914077
2314,81.53710023218846
2315,83.35031444089384
2316,82.34654771543308
2317,87.20024405926307
2318,81.52296899074615
2319,86.5998485351123
2320,80.7490248143277
2321,91.1498845064977
2322,77.91256898044692
2323,86.72447264712615
2324,84.59627859166538
2325,88.34997735986154
2326,82.21353615874385
2327,84.85678737768923
2328,86.26389495260693
2329,90.47707586191461
2330,83.73582583233
2331,87.09310861114847
2332,86.00599840220308
2333,82.27959838378
2334,84.91778406507846
2335,85.93809548882847
2336,85.90169962903693
2337,85.70029898746
2338,88.79001566956231
2339,86.83549540186232
2341,85.32178398574385
2342,81.2205862780746
2343,89.37151234165307
2344,77.5616734721977
2345,90.3755667313423
2346,79.17513174822385
2347,87.75986218969615
2348,80.19892972178386
2349,84.01042509608232
2350,80.29897429514232
2351,82.96302498968
2352,82.88318282000077
2353,85.57807979891231
2354,85.26350571842846
2355,82.45434013623846
2356,83.13907398257847
2357,94.13624518293847
2358,82.32020865588078
2359,87.76973774841693
2360,89.98885749307539
2361,83.38873372105385
2362,92.15210621317154
2363,89.08361175829614
2364,86.16317477408693
2365,89.38876721298
2366,80.71420749502539
2367,87.32172418469384
2368,77.28820915420769
2369,79.77419544338154
2370,77.42880916012538
2371,85.35037596691691
2372,81.22218995121847
2373,82.71004006473385
2374,83.92993392960462
2375,84.37160229051
2376,79.35294567388692
2377,78.79985016024692
2378,77.86763997206616
2379,82.41789571502
2380,80.19271645057154
2381,84.99016301894076
2382,84.30756683198462
2383,74.0478562661977
2384,79.35936418209307
2385,78.16613888382616
2386,90.16938506306384
2387,94.30094482163307
2388,81.35809860194922
2389,89.36855989656307
2390,87.76836920034614
2391,82.44544166863385
2392,82.29182175277924
2393,80.34184386525
2394,79.53591895841384
2395,90.06785240436615
2396,83.81980577751308
2397,84.78503348259308
2398,82.40427971175538
2399,77.64696416706462
2400,82.47735809390154
2401,85.11140488186385
2402,80.6212534804277
2403,84.22604345323614
2404,93.52385857569692
2405,88.45757224842461
2406,83.85811492372692
2407,83.41527268898078
2408,79.62943065477154
2409,82.06811549553001
2410,83.35945608035769
2411,84.89966987113769
2412,87.21567441829615
2413,79.6942073887723
2414,85.1580638204046
2415,84.42157047293077
2416,87.16829878888461
2417,84.52100546204308
2418,79.46073741888924
2419,77.89925522021231
2420,83.7680299397323
2421,84.63466922492616
2422,80.61735200418846
2423,81.0670760185577
2424,86.18056585257153
2425,88.42489396483231
2426,79.81870263822307
2427,86.4507534573023
2428,87.22899145578769
2429,78.21746987841924
2430,88.06103125094077
2431,88.56197438058692
2432,88.28957930342615
2433,91.42784305421692
2434,80.91225031142461
2435,79.01034763266308
2436,89.88602033343462
2437,72.3719646505477
2438,76.22988940038769
2439,78.37194400083922
2440,76.86646132861384
2442,74.74126810206154
2443,79.41035063857076
2444,78.29271908985001
2445,90.34780435931923
2446,78.45744109630616
2447,94.38461538461539
2448,79.20048063702846
2449,82.07481040709538
2450,77.18454828971
2451,93.07692307692307
2452,77.39294595645154
2453,77.78228888599769
2454,87.72451086673077
2455,78.09904586895539
2456,80.66128867640154
2457,80.3108409457223
2458,80.61441957458231
2459,82.24128843399616
2460,88.35506132723846
2461,78.32610650989923
2462,83.75597275782923
2463,77.48532311377461
2464,79.2889765460323
2465,78.18475848838
2466,90.22150952480385
2467,78.44560150073153
2468,76.89189913257692
2469,81.62023902838077
2470,78.36657691827538
2471,79.72073934711615
2472,76.08515529318385
2473,78.96226839766308
2474,80.23778251314923
2475,90.53698741336078
2476,78.25922592510308
2477,78.45938775918461
2478,80.21813080825923
2479,85.02405147166155
2480,78.92753339757616
2481,93.07692307692307
2482,82.89484369650307
2483,90.7581695632746
2484,78.07603323220769
2485,77.84157444162076
2486,87.45818816628153
2487,79.13121910245462
2488,79.19534769822076
2489,78.84608941436615
2490,77.02269063332308
2491,79.17165532533463
2492,78.13588054748077
2493,83.57365614190999
2494,72.88428558464
2495,78.67265078589153
2496,88.79209351737077
2497,84.08038385412307
2498,77.70830942182077
2499,94.38461538461539
2500,77.89573468562693
2501,79.12516184044539
2502,76.60044069858154
2503,81.85072457411
2504,88.82831501483076
2506,90.9132271299223
2507,81.85182089599539
2508,79.96704695144308
2509,73.85649601778309
2510,84.42488195152691
2511,82.26611065015615
2512,75.35047517667846
2513,75.57277315689153
2514,87.19221781296616
2515,74.4540985753723
2516,78.75962336968308
2517,79.10987090653691
2518,79.03925613694462
2519,80.19692895952231
2520,78.48929076762307
2521,81.19032328551307
2522,78.13396051065538
2523,85.94356034627
2524,89.54031105537615
2525,90.62011404807846
2526,74.53150232726999
2527,79.33283543691154
2528,78.87131043130923
2529,79.31619048637384
2530,83.23702183911
2531,79.20715075127693
2532,79.92809272144923
2533,76.35087944704232
2534,79.27131037410385
2535,78.65058669981923
2536,76.96739153685384
2537,77.74867032431692
2538,77.72179982013692
2539,66.75504743642077
2540,83.18657330279385
2541,84.36341358377847
2542,82.25468898253462
2543,76.81516857483462
2544,76.37364788301923
2545,80.0707307148823
2546,79.49734420869923
2547,78.19784056051077
2548,89.22093611864076
2549,86.60840991266693
2550,80.72933144847
2551,82.57672254715
2552,77.39428190148692
2554,79.17165532533463
2555,83.57696816361307
2556,79.42608622614154
2557,78.32610650989923
2558,77.82248515665
2559,79.20715075127693
2560,81.49145831140078
2561,78.62752249069615
2562,93.67358517827307
2563,78.70884506522462
2564,79.27539184476692
2565,78.20879850200001
2566,79.05281886489462
2567,80.41143626440923
2568,78.63033465823847
2569,77.1197175184523
2570,77.84437592837462
2571,93.30252750458308
2572,79.3762997903977
2573,78.11024339981692
2574,82.16486133421616
2575,78.61224752102231
2576,75.65732526777539
2577,79.25407781102308
2578,78.8537197204777
2579,93.21299830408309
2580,78.99751136179462
2581,90.38544500558538
2582,76.73120268117769
2583,77.23331906778384
2584,84.43954821310923
2585,81.15511677367692
2586,80.62740514364307
2587,92.70457521602307
2588,87.70620430955769
2589,79.75235178004309
2590,84.21208709929385
2591,81.01155951502923
2592,78.84441303247154
2593,87.36368983884384
2594,80.13006126240461
2595,79.43766002354
2596,74.66711295866
2597,85.21191908527692
2598,78.58865806773
2599,86.02918948546616
2600,83.39664345986154
2601,79.15152447039385
2602,81.57515986785539
2603,94.25291492162538
2604,84.81663629098
2605,90.26710344317999
2606,89.47407835932539
2607,78.81047330065154
2608,77.44397400569231
2609,77.81765401161307
2610,80.16648874766923
2611,78.7864850789077
2612,78.64096771485846
2613,79.98939142233154
2614,79.15976579753692
2615,82.27794973509924
2616,77.81521008497693
2617,79.64891358174462
2618,77.04173433209309
2619,86.27342137362
2620,79.70140759210155
2621,87.15499913108616
2622,77.69478206063923
2623,72.86369287898077
2625,76.30481410486308
2626,77.65900721488077
2627,86.74396431426538
2628,94.38461538461539
2629,77.37932237988846
2630,80.07344165490846
2631,76.28010891632154
2632,80.11575114422385
2633,84.42028627506923
2634,81.89584145347
2635,76.37285897869538
2637,78.98987535106308
2638,88.29773281581231
2639,82.26611065015615
2640,75.56526134040153
2641,81.65275983151538
2642,81.63176224854922
2643,94.12429380950692
2644,80.2165877553277
2645,83.66192198973384
2646,80.69323544591846
2647,79.94643733746462
2648,83.97818966086308
2649,79.26371754801153
2650,78.83134754012923
2651,83.17234358221924
2652,80.33852744373232
2653,87.60146874501923
2654,79.14690448812154
2655,81.55387831942693
2656,80.65725646124538
2657,71.17355515492538
2658,80.33511331158462
2659,79.00252105948539
2660,75.34628609694231
2661,82.12909725666769
2662,82.11098026388231
2663,88.41532023102307
2664,80.18608698079461
2665,92.20500188315614
2666,80.07538364226461
2667,94.12442610075308
2668,79.83754013204614
2669,77.75456603769078
2671,82.46503776666923
2672,78.76430553509384
2673,79.14784723603462
2674,76.40001611421076
2675,76.23673073178077
2676,78.09633134389385
2677,78.89465243770462
2678,83.68895372060538
2679,82.68809583914924
2680,71.76439334672077
2681,82.32720815691538
2682,81.68515177108924
2683,80.6381564711923
2684,91.91941606607769
2685,84.04975876022462
2686,89.65042417805614
2687,78.14906997935616
2688,79.29863125654077
2689,80.33680152684923
2690,81.27147814116077
2691,79.27862921607769
2692,78.15314961682462
2693,92.04904337791308
2694,81.92850671173076
2695,78.1685252899577
2696,79.0982177207623
2697,74.91091347149693
2698,79.23067110685078
2699,77.2174535132323
2700,94.38461538461539
2701,88.4879128908177
2702,79.77119433676077
2703,77.30144658789385
2704,82.83027364783385
2705,83.74269090678769
2706,80.29987846421847
2707,85.94415243744078
2708,79.81492802691153
2709,81.62238611823847
2710,86.61513469549615
2711,79.1915170894377
2712,79.3833334057423
2713,77.05394022197615
2714,82.21735090705154
2715,80.81278691933076
2716,77.57442630212307
2717,85.07568598860922
2718,94.64917243999616
2719,79.84199866815
2720,81.98442122804846
2721,80.14689526145231
2722,78.72405979144385
2723,85.14663406098
2724,79.95721427977692
2725,90.06832079069615
2726,78.2229489903277
2727,79.14690448812154
2728,76.89189913257692
2729,85.59571473042385
2730,93.80565581738615
2731,77.65945132613001
2732,79.21563402981307
2733,84.25261930012539
2734,78.21880672935539
2735,80.02133993159231
2736,91.94097031655154
2737,92.27293491296768
2738,77.96233996056
2739,83.33547099045923
2740,79.11043441998461
2741,85.51535524846307
2742,77.81521008497693
2743,83.90873683071923
2744,79.03925613694462
2745,79.24238861440539
2746,79.86552094913924
2747,88.32079576450154
2748,85.75837979963693
2749,79.12211009145847
2750,75.11021742776077
2751,78.95181040297847
2752,77.98879074204385
2753,89.83664511866539
2754,77.76205072628538
2755,80.11583755454154
2756,86.8705445995777
2757,77.07535431926922
2758,79.90684166766385
2759,81.65912741640076
2760,91.87888978065077
2761,80.8090187324523
2762,79.65706614392309
2763,74.77576881120078
2764,87.03254675554768
2765,79.11191629454538
2766,84.67907443493154
2767,91.39581264356231
2768,79.19472553382616
2769,77.86779677587538
2770,78.51046482703154
2771,86.0192631645946
2772,80.14315234579307
2773,84.54691150098922
2774,79.83015121890692
2775,87.43191203452307
2776,81.38185596996846
2777,75.79182377004538
2778,85.07630278519231
2779,87.70856541584615
2780,78.33458580204308
2781,91.4638205074723
2782,89.7308370729723
2783,88.83070751563692
2784,86.30421049897308
2785,76.12188683468
2786,72.62572186736692
2787,83.77422525420923
2788,82.63394495655308
2789,89.15053200695077
2790,81.41551490742461
2791,78.37164092223077
2792,86.76045458616385
2793,82.45579750162615
2794,86.28799640831154
2795,86.7800760045
2796,78.5591851861123
2797,76.74131922666153
2798,77.81765401161307
2799,80.62397275204769
2800,78.79143543366
2801,88.01186765077847
2802,78.46990182235461
2803,72.58506000554
2804,83.20570784066385
2805,74.59923647786462
2806,85.28183070596846
2807,91.84797891713461
2808,76.03223744630154
2809,94.38461538461539
2810,78.91647591773
2811,76.85651616205539
2812,87.17313381735231
2813,79.99390351266923
2814,85.62021545459231
2815,78.97121345398615
2816,79.85928648034384
2817,78.8188408300577
2818,91.24365044589692
2819,88.94963212279539
2820,81.09102341343231
2821,86.02228178785693
2822,90.45203927431308
2823,86.81644512192692
2824,78.19464756445385
2825,76.94639857409153
2826,83.72657027580077
2827,86.08214977362923
2828,92.28755545743846
2829,77.71556849804153
2830,89.35436530010846
2831,89.88018155008155
2832,84.58426915923384
2833,85.45382757943308
2834,82.4885559295677
2835,80.16673516065615
2836,91.27979403425077
2837,73.46874532510616
2838,78.72092141727461
2839,77.83847452125923
2840,78.52884989660078
2841,80.5162288930677
2842,80.14578848850769
2843,91.19470850551538
2844,87.88238488510385
2845,93.07692307692307
2846,87.50261504119845
2847,82.17076867024846
2849,88.61952491286385
2850,78.33183872412539
2851,84.65737584868077
2852,93.65045916194
2853,79.04717151683462
2854,88.40251887991153
2855,87.92192575020462
2856,77.99633223251999
2857,87.94716751524153
2858,81.49693589165383
2859,79.40119787175462
2860,78.04594447214001
2861,83.17593103716615
2862,88.16743672145539
2863,90.6618361471877
2864,76.11054555363154
2865,80.09617306285307
2866,86.60040983157307
2867,77.82841008716308
2868,79.43817341132154
2869,94.38461538461539
2871,82.42103141485539
2872,81.88660035044308
2873,83.62649263547232
2874,76.67345122406155
2875,81.57520861367692
2876,79.89640396453154
2877,73.22561862231538
2878,93.07692307692307
2879,79.56873237715692
2880,76.58796829230538
2881,84.22466072114617
2882,77.78870256439846
2883,93.07692307692307
2884,84.51718954037385
2885,92.24713366567846
2886,82.60104365444693
2887,79.27533361000923
2888,79.34019377956538
2890,78.75007279432923
2891,92.94893287990077
2892,78.09007124961384
2893,85.16771351553847
2894,78.00049242962847
2895,91.07432314559846
2896,84.68221053083923
2897,82.70441881820462
2898,93.08142275648846
2899,89.28208109333308
2900,87.26564558695307
2901,91.12130772343461
2902,84.54397158713846
2903,78.72763069513
2904,89.13429406369308
2905,80.48765682082616
2906,82.36100413468385
2907,92.84615384615384
2908,82.76089731511385
2909,88.28930531026461
2910,91.0472113479777
2911,88.0729911490277
2912,89.26712968641615
2913,82.82777788349924
2914,88.71922334865462
2915,94.38461538461539
2916,86.5323544952723
2917,87.55046033263615
2918,84.86358248459308
2919,93.46314774571923
2920,89.50558417536153
2921,86.38084070569153
2922,90.55651381878
2923,80.24884776859693
2924,89.69619706038385
2925,87.74285700056308
2926,84.29955562676462
2927,92.77845695636
2928,93.07692307692307
2929,78.8125598971
2930,80.06099317869692
2931,82.56528646098386
2932,77.92201115615154
2933,87.04763414882
2934,80.25882316091077
2935,86.8400669793323
2936,90.27463323890692
2937,79.66684769707231
2938,82.8952622993323
2939,81.81923515891077
2940,90.52069762599692
2941,87.25238049753307
2942,90.47914029453923
2943,84.59921241912384
2944,86.09411354163691
2945,92.14441580542461
2946,85.17188678808539
2947,83.1860063641123
2948,75.25666442614846
2949,77.61471055253539
2950,82.5942131630777
2951,84.06028920144077
2952,87.10099756964846
2953,94.48614137699846
2954,87.8378291044854
2955,88.72781394964231
2956,87.28813437970615
2957,81.60933535599307
2958,81.38430416793308
2959,87.35475538989769
2960,87.7229009276123
2961,78.14557225490616
2962,93.00475988281923
2963,87.76412860386154
2964,78.22175377811769
2965,85.71042998205077
2966,80.05206153825692
2967,87.11799745767077
2968,90.96738461393615
2969,91.26718512112461
2970,85.74803231262231
2971,85.42206246497
2972,87.73235237334768
2973,87.88183754705923
2974,84.72713872223154
2975,79.37502541663076
2976,84.42950774221384
2977,93.63073501938462
2978,79.43804365471
2979,86.1881860730723
2980,85.87679869594231
2981,91.82092214187692
2982,79.90817888060539
2983,84.69141228254692
2984,90.00592518112693
2985,90.01921537771538
2986,86.47677197035
2987,84.11823608536538
2988,85.11066304344769
2989,84.54442606715462
2990,88.38280739894077
2991,88.83996949502999
2992,89.27319402076539
2993,91.77158380847231
2994,87.14102803256307
2995,80.18855373254539
2996,83.08862553070462
2997,82.54316339007231
2998,90.66931163959076
2999,88.94126027443
3000,71.32012043776923
3001,81.54491107880615
3002,92.65387150782307
3003,91.06333665783384
3004,87.60962122405769
3005,93.87668031798077
3006,85.7098469860646
3007,90.55478085888461
3008,93.07692307692307
3009,86.48393414924155
3010,91.95298629003231
3011,83.49637296835232
3012,83.14248805272769
3013,88.72401666888462
3014,86.74239085571385
3015,78.90321313541
3016,84.75171452517462
3017,90.7841080031923
3018,86.91938913005461
3019,84.41574180025154
3020,81.03590248789692
3021,88.07324294436384
3022,83.34164733414461
3023,82.70735091936616
3024,86.68043860039154
3025,86.22246139175385
3026,88.49831917891692
3027,81.11324791795461
3028,77.66804414683307
3029,84.33123062814308
3030,79.51709043777461
3031,79.32973343849231
3032,86.92394555843461
3033,87.83798735024538
3034,83.55590620606847
3035,84.12816371429076
3036,92.19981180578615
3037,93.07692307692307
3038,84.15184593038231
3039,86.39054565602
3040,89.32893726784461
3041,80.73575464046846
3042,89.36716673672308
3043,80.17909544728693
3044,83.73764244311307
3045,93.07692307692307
3046,84.66054248934
3047,79.11773855729076
3048,86.71237046213385
3049,87.00293733046539
3050,89.07669283821384
3051,83.75588324399
3052,87.03538346535922
3053,90.30160292244153
3054,89.66376641945615
3055,79.28692175050077
3056,81.02720540754308
3057,81.40959290105846
3058,81.61805668843307
3059,86.38710286106769
3060,84.18395151276769
3061,93.97306041692231
3062,82.57414953447385
3063,90.05350352699462
3064,86.2585869236477
3065,78.31502683983462
3066,83.97101463942693
3067,81.21382289877693
3068,88.22532327615001
3069,90.25071736239462
3070,79.41283830333231
3071,78.96615148170308
3072,79.72382190977692
3073,86.73890738006307
3074,86.51631939392769
3075,87.45818816628153
3076,80.23015425394615
3077,85.50512936773076
3078,80.95462798151
3079,74.41293255251846
3080,84.19654848742155
3081,88.07271027643846
3082,83.54948033739231
3083,84.72170970162924
3084,79.77293794563231
3085,85.25718111892924
3086,89.95559751606768
3087,88.13048668603845
3088,92.53846153846153
3089,84.32120800595
3090,83.75805979960076
3091,82.25986500420615
3092,81.10390030517692
3093,88.09021549428846
3094,82.48553486923538
3095,83.27697014989384
3096,82.25259001883614
3097,86.70052449118538
3098,85.13961459533385
3099,94.2181377851723
3100,90.47919006299922
3101,90.34780435931923
3102,80.93831276233539
3103,81.54636856584462
3104,75.70435598655769
3105,79.04717151683462
3106,89.43737271879769
3107,90.29399244262385
3108,84.40428469220923
3109,89.65783601712539
3111,84.37524400089077
3112,82.47226023829154
3113,86.31124101534616
3114,93.07692307692307
3115,91.25760647065154
3116,92.24161643483308
3117,79.93320856065539
3118,83.25218069854
3119,82.68713970765154
3120,93.07692307692307
3121,82.01154505395922
3122,87.18879263018923
3123,79.02537545300078
3124,79.12692259742
3125,91.29957584778
3126,91.05082053511077
3127,90.40286260227077
3128,80.07297738626076
3129,86.12992180678384
3130,86.15672032993923
3131,91.87819522866616
3132,83.77526330230077
3133,91.25847333333077
3134,87.33472109211309
3135,79.78459837479846
3136,82.08287011514923
3137,94.04925616723924
3138,84.30625156017153
3139,83.52060858401461
3140,82.37310126989462
3141,88.01605899265539
3142,85.26136888536539
3143,92.81077118994307
3144,88.68354985780846
3145,91.13208798334692
3146,82.24318756027
3147,80.4971119867246
3148,81.13660152508538
3149,84.35677525389693
3150,82.12454912570615
3151,94.38461538461539
3152,87.59989303956539
3153,91.52652389193769
3154,90.90083296952076
3155,88.70729863886001
3157,83.24026039293
3158,93.91674188352309
3159,85.58541176777231
3160,79.76529940772693
3161,94.38461538461539
3162,87.61507396828769
3163,80.28641263135923
3164,83.32918350887923
3165,88.17092087946615
3166,80.23350216037461
3167,86.61116785986461
3168,81.39837028960461
3169,89.35281957639616
3170,93.06520155071999
3171,83.09556415080922
3172,87.3465541143546
3173,87.79676437235231
3174,83.16440665776769
3175,90.47778499552231
3177,93.07692307692307
3178,83.71748705557307
3179,91.6472071487623
3180,82.36645563270463
3181,90.42033713344
3182,82.86229780054
3183,83.51746823492154
3184,93.10584350952999
3185,83.89154136339923
3186,85.38163806237924
3187,87.60370525216078
3188,77.59500789976384
3189,78.76663250666846
3190,83.92183389610693
3191,92.70400310466846
3192,87.45058989750385
3193,87.31906798994308
3194,90.34133849078
3195,86.95481743877463
3196,87.70340357294461
3197,88.79460067888307
3198,94.79497128861
3199,87.21846578374692
3200,84.35179239973462
3201,80.38333436490691
3202,80.83384174149693
3203,93.31860271978692
3204,82.95944225763616
3205,82.18559244496078
3206,83.14664187512616
3207,84.75340005056077
3208,90.91268586921693
3209,84.80507104325616
3210,79.59271916746077
3211,84.55186260919692
3212,93.09510918796539
3213,92.02845809807923
3214,86.11712843156307
3215,88.52890435559308
3216,90.64552399263384
3217,77.35762578912615
3218,93.0
3219,84.40237542799693
3220,93.02889718181846
3221,93.07692307692307
3222,88.25103048257154
3223,85.83106374672462
3224,81.03925791612231
3225,93.59281713289923
3226,84.93395635556155
3227,85.51858520321076
3228,88.33528995330538
3229,82.99857074936769
3230,90.07093644661154
3231,79.95790515879462
3232,82.15297821239155
3233,87.18197020323154
3234,76.11029575223
3235,83.81009465285231
3236,89.48674383601076
3237,76.47658904870077
3238,90.0963616505423
3239,85.11020974275769
3240,83.57100702801846
3241,83.90679721113153
3242,94.38461538461539
3243,80.50850328529154
3244,88.52616229762538
3245,83.87750757349463
3246,84.48333340043385
3247,90.70455071944076
3248,87.31879693266615
3249,87.40371794966
3250,89.77827675946153
3251,93.07692307692307
3252,89.78258186673153
3253,77.85936545195385
3254,90.11668334422231
3255,87.24003803522385
3256,94.38461538461539
3257,82.4437450399977
3258,83.95325562583692
3259,78.19387136653846
3260,93.07692307692307
3261,86.83397701411154
3262,83.35154965070693
3263,92.88551925149306
3264,89.96451264218155
3265,93.77249693698231
3266,88.60368110476462
3267,90.74970316159231
3268,83.67858450620385
3269,82.24753268190385
3270,91.46950649877692
3271,86.48339480944692
3272,84.61877894976077
3273,83.66551538530231
3274,90.91404732157308
3275,84.20412339338847
3276,88.60806619142923
3277,90.00714504539384
3278,84.77647344221154
3279,85.09932878660692
3280,81.19904678377692
3281,90.5522397507323
3282,94.30576197131231
3283,89.93034058911384
3284,83.37468025097
3285,94.38461538461539
3286,84.87730180044153
3287,88.32031322853462
3288,82.27562069750846
3289,93.07692307692307
3290,86.9463886709923
3291,90.40000216325308
3292,79.11372267588078
3293,78.85536541217539
3295,86.80050703700846
3296,85.43321130182076
3298,89.19270030550308
3299,93.28523513760692
3300,93.07692307692307
3301,85.03104706060846
3302,94.38461538461539
3303,82.21182954494
3304,87.91745450565462
3305,83.65620563315693
3306,84.31146572448154
3307,85.86571249275384
3308,88.47323954404922
3309,86.44698275929078
3310,92.76923076923077
3311,91.33094159215307
3312,87.98343798533924
3313,86.42013638928847
3314,86.23590544746
3315,91.65406382352461
3316,90.54682341924922
3317,92.54539612265076
3319,83.19669661270231
3320,83.34758009128385
3321,86.7644090767077
3322,90.54097182908538
3324,86.54101527158538
3325,81.47980234444846
3326,88.02509856225616
3327,90.8912364390677
3329,82.67865784573539
3330,84.14168101044768
3331,86.0209801674977
3332,90.04645472639615
3333,84.87000970862077
3334,81.34982251381153
3335,81.60313301852
3336,82.69210817792693
3337,86.27551199583615
3338,84.5985498561054
3339,89.12415046805307
3340,81.33070428715462
3341,85.16292351954232
3342,85.32173079192077
3343,94.29970491556924
3344,86.77135957327846
3345,88.87869234139461
3346,82.95836596973615
3347,80.72606336511461
3348,83.09748127716924
3349,85.06140382425693
3350,85.58383358339847
3351,86.27068931068769
3352,92.89497159517461
3353,87.51739322268615
3354,84.3000373178923
3355,82.39663289575384
3356,84.17563664573692
3357,86.21423946320462
3358,89.98914623456076
3359,85.73601082978846
3360,84.73248288625538
3361,93.1461409246723
3362,84.55499353552
3363,77.94986980269769
3364,88.43174432961231
3365,84.79209208920078
3366,84.36936939437076
3367,90.38412470701077
3368,86.62539065834153
3369,85.24863686730077
3370,78.06834725083922
3371,84.55560436305923
3372,81.78019369945385
3373,84.92648751176384
3374,86.76755974191846
3375,84.61279624922385
3376,83.05878490687616
3377,86.66163047206
3378,76.86946177910231
3379,81.22529445926
3380,89.00791950414231
3381,88.80915065428461
3382,78.88009492472615
3383,79.73202928289923
3384,73.43065774365462
3385,84.26632820526308
3386,89.65585541621462
3387,87.04655092707154
3388,91.64821733617077
3389,88.76080135483538
3390,89.68665929384768
3391,75.36830959544847
3392,85.84050617901616
3393,82.80416608159308
3394,87.1294080556123
3395,79.94879441187462
3396,89.8040941601823
3397,92.91565213687538
3398,87.47139899487
3399,79.32362410155076
3400,84.57281740687077
3401,90.25212426549308
3402,84.74847789169385
3403,93.07692307692307
3404,84.08356953670462
3405,85.68394460454999
3406,88.31953443866232
3407,81.42166638940309
3408,88.68441080542539
3409,86.39400827839769
3410,87.83198334744847
3411,87.49673634454153
3412,84.52257976844078
3413,81.93225446868615
3414,86.1195026569
3415,86.04988310473232
3416,86.50240507538001
3417,90.90450187849001
3418,84.17350051224308
3419,87.44999638199309
3420,93.07692307692307
3421,86.21969356137308
3422,91.72944348195769
3423,87.07707747705615
3424,85.34912626124616
3425,82.84465592113538
3426,90.90441217506154
3427,86.05717873247077
3428,84.43954821310923
3429,86.35286708044693
3430,84.2913384147923
3431,77.69265080928847
3432,81.1854183867223
3433,88.98551171209692
3434,77.91080412876231
3435,89.61929542540462
3436,85.47868987102385
3437,81.23865730649692
3438,88.62545358110616
3439,81.87952004956615
3440,83.31196284493231
3441,87.95416328606385
3442,83.86592354162309
3443,86.82936999435461
3444,78.51324400096999
3445,88.04207111544
3446,89.86420474770077
3447,87.15446149053616
3448,86.39221013302769
3449,86.87030640492846
3450,90.94081940018077
3451,86.41656556632923
3452,89.90398236439384
3453,85.94377114787846
3454,87.37959276642309
3455,87.80752394435001
3456,82.33322270351309
3457,93.07692307692307
3458,93.07692307692307
3459,84.39000491277538
3460,82.5713353443623
3461,81.12739236854077
3462,93.98143556341307
3463,87.8191939861523
3464,80.14317902077539
3465,86.73409945113461
3466,85.69004729677076
3467,80.57343867601769
3468,82.49102306720769
3469,90.45499937827846
3470,85.68055279347615
3471,78.33987989738539
3472,90.08759604468538
3473,87.37864290865693
3474,83.28419664060769
3475,84.61279624922385
3476,87.57797840022693
3477,78.72304743273153
3478,93.07692307692307
3479,88.14474929794847
3480,87.47171799599307
3481,81.93481235059384
3482,79.50802219678692
3483,73.38898160886923
3484,93.07692307692307
3485,79.27375467322307
3486,85.83197606274076
3487,81.85565062745385
3488,89.20464587099154
3489,93.89959927684077
3490,88.9543856409677
3491,86.18021534677462
3492,84.29125824411155
3493,81.98928560620308
3494,82.16261862938846
3495,84.07759886181385
3496,80.36830326929231
3497,78.73826689569154
3498,76.54967600105
3499,79.92203056508308
3500,87.09461086071923
3501,86.85469923253999
3502,78.37057703463
3503,75.4138777909154
3505,86.56261595280614
3506,83.1287090009277
3507,86.00757274539001
3508,84.81680640065768
3509,84.88136030198154
3510,89.65218464092308
3511,84.42358199737231
3512,86.50624882816692
3513,92.3076923076923
3514,88.02794532732
3515,81.47578118985615
3516,90.9117159157023
3517,91.44108135953616
3518,86.43403921126077
3519,92.33640846471616
3520,87.67268827991384
3521,82.46987452811922
3522,76.95355911678462
3523,86.42809298047615
3524,87.25614226286692
3525,86.66692421148846
3526,86.8112963035677
3527,83.63580197963154
3528,83.18640417179616
3529,84.31833717916001
3530,88.88234003464461
3531,83.52451223433
3532,94.09622450763462
3533,81.5180178978777
3534,82.29087164192693
3535,88.29648284077462
3536,79.09390670562462
3537,91.33906395431077
3538,84.48249304556461
3540,83.04075801599308
3541,86.87209462036307
3542,93.75961727668
3543,83.55097269355154
3544,87.62517081707384
3545,85.26811108379923
3546,85.14764092449616
3547,76.01846049622692
3548,85.27038458922154
3549,83.37248144334384
3550,86.8018492426423
3551,86.0508418467954
3552,86.87659683317383
3553,85.46020338025846
3554,85.73753989732846
3555,86.72530961040385
3556,76.5115259652323
3557,86.73296098251924
3559,84.2808244552523
3560,88.8781273526177
3561,86.64368215992693
3562,87.99410985996539
3563,90.36024934556923
3564,84.77016090768153
3565,81.72372289685077
3566,84.52491886532309
3567,82.56446384226692
3568,84.91119741049769
3569,77.71418969525692
3570,91.85476754310923
3571,82.31986538097
3572,80.08518350427231
3573,84.78060913508308
3574,85.09905453366923
3575,77.95022392071692
3576,88.90850275991386
3577,90.54276382505154
3578,83.78691892794077
3579,82.65805656660692
3580,87.65316726739462
3581,86.43685243221077
3582,81.17513833593539
3583,86.56205686156153
3584,91.12130772343461
3585,83.74004047278231
3586,83.28597581886923
3587,84.2292544092523
3588,92.17378727342846
3589,78.70738260659923
3590,82.68751151593692
3591,77.35227741037846
3592,91.68724138960846
3593,90.49987067473077
3594,87.05651884913077
3595,80.70046372382693
3596,81.61004928180462
3597,87.99709898607308
3598,81.74768990268308
3599,85.17020275641461
3600,80.90548497959539
3601,82.6228694119423
3602,85.20402642405769
3603,84.42568312814538
3604,79.05300440257
3605,76.19868705709924
3606,80.15617346458846
3607,82.23841601794
3608,78.04215544413537
3609,86.29710422228845
3610,83.27143473615307
3611,82.34654771543308
3612,90.11812978298308
3613,91.29198040149078
3614,80.18690587737846
3615,87.6889886616377
3616,83.69688496282154
3617,83.44766079952154
3618,81.12496879074385
3619,89.28757789612385
3620,82.58803797134615
3621,75.59429212118384
3622,85.78016104767539
3623,87.21662399087154
3624,82.94400478050692
3625,80.47769589133462
3626,85.10396180995693
3627,83.04760183873077
3628,79.08533643566693
3629,78.13349067832232
3630,86.62774788386
3631,92.34059636033462
3632,88.80271135673846
3633,75.37004821644
3634,85.47412039649
3635,78.65339812001615
3636,83.13307503616615
3637,84.13926722689231
3638,89.27361916802693
3639,81.26299951829537
3640,81.93020148690077
3641,78.90408043140154
3642,94.30470166044769
3643,77.10333086259462
3644,79.3880364031346
3645,77.52052390044538
3646,80.12241277187846
3647,83.80012637862923
3648,84.11809194167616
3649,79.27023622825845
3650,91.67407513893231
3651,85.78699604563307
3652,81.8883950515423
3653,78.72357069546155
3654,84.86691022384461
3655,90.11065893278538
3656,91.17610818105692
3657,84.33395884271077
3658,82.35848070267846
3659,81.85902927605076
3660,77.02937726224307
3661,79.89338272287077
3662,84.97252745888461
3663,79.81316105699153
3664,90.33778968054845
3665,75.51149683239385
3666,81.66872861871
3667,82.10943251145306
3668,81.05803825895691
3669,76.51291345091154
3670,81.24963446538462
3671,82.23584595213461
3672,83.48516418862614
3673,81.34500333156231
3674,81.48212939020615
3675,84.12945021277923
3676,90.73073700982155
3677,83.66939276282847
3678,81.68165629602692
3679,80.01256507950691
3680,83.76254840594692
3681,83.96931342127922
3682,87.31439871452923
3683,84.39522308806539
3684,84.71960431438
3685,82.16460486307385
3686,83.44060983255231
3687,82.13273267598461
3688,80.81242135046847
3689,84.59108541459153
3690,80.72126162192923
3691,84.28153225021154
3692,87.7329213822
3693,77.80916058506153
3694,83.56051760627847
3695,86.92003086767308
3696,79.43757599920308
3697,84.71157067875154
3698,85.84634561827693
3699,73.28581308686
3700,83.03634707545231
3701,90.75990904171692
3702,80.13671850951
3703,77.58365853591769
3704,85.23811348791153
3705,76.17448373543692
3706,80.33704296578308
3707,78.72743687186076
3708,86.97502950970538
3709,93.07692307692307
3710,82.01962582028
3711,81.07464685972154
3712,91.75459146852846
3713,85.08552953058769
3714,81.97957016118308
3715,78.82903804940385
3716,84.60066104600153
3717,86.08991387851769
3718,84.72216356527
3719,84.91658287651616
3720,89.62371025007386
3721,91.59735762
3722,81.68715506352846
3723,80.53238345729308
3724,92.08401153656845
3725,80.59416102181231
3726,89.31518867000308
3727,88.35907632003924
3728,83.39432942059153
3729,87.98071963435692
3730,90.40682115122692
3731,75.25658523813769
3732,85.47219573261769
3733,83.21999501517847
3734,87.76167112792847
3735,80.89632054906384
3736,84.58083298565768
3737,76.28559906489461
3738,78.78680348612463
3739,76.02041572874
3740,82.93463008989386
3741,83.04165735307384
3742,85.18523781254846
3743,79.80845376645
3744,92.95134151621616
3745,81.34868377544385
3746,78.84235339907538
3747,80.63490168327922
3748,82.40859704996693
3749,76.99080899063307
3750,85.47774370910615
3751,84.92185053103461
3752,83.80515928938385
3753,73.80469992080614
3754,86.27780134737309
3755,89.11328039126923
3756,81.72410685594538
3757,87.55721072718846
3758,84.76267869234923
3759,77.50782986394924
3760,73.63531502550616
3761,91.85198072367308
3762,87.77888951881384
3763,80.91562953483846
3764,77.89546252417847
3765,79.13589953560307
3766,78.59405271567692
3767,86.20991720768615
3768,84.7386695192854
3769,90.43477135611384
3770,84.17218882827154
3771,90.01593984212614
3772,85.96307817278922
3773,85.21973043528692
3774,81.20128336884001
3775,82.68069265344923
3776,90.81242845225539
3777,87.42321223209461
3778,77.59763534257539
3779,84.65381328488924
3780,81.69320759007923
3781,78.06133383294615
3782,78.90616998356539
3783,82.22109803578769
3784,83.42598368184768
3785,81.37607778283154
3786,80.41880587311539
3787,78.4463505578523
3788,85.84540330252692
3789,83.41620264401769
3790,75.54280301798308
3791,80.32532684838
3792,81.42785724537308
3793,83.92531922779692
3794,82.47687098931154
3795,93.4601586401277
3796,93.98877542709846
3797,87.6501498100854
3798,84.70753200605307
3799,80.93347978636308
3800,93.07692307692307
3801,93.07692307692307
3802,86.83823202810078
3803,90.73361519033
3804,81.97023535137308
3805,87.19420592617385
3806,92.64765008300846
3807,83.19069406086923
3808,90.40286260227077
3809,79.30188431707923
3810,83.40778118270154
3811,90.88676196257077
3812,85.20289625321077
3813,86.57176946608462
3814,93.07692307692307
3815,88.33838735191999
3816,79.30214842093693
3817,87.44924603142616
3818,92.61538461538461
3819,80.57764099527846
3820,93.07692307692307
3822,93.07692307692307
3823,85.41402633997077
3824,89.59860188862078
3825,87.7229009276123
3826,87.61380142215923
3827,83.1468571449523
3828,82.59081763197847
3829,78.09474792282077
3830,93.18710354252461
3831,87.72455171183384
3832,90.05443375215614
3833,85.39815610311308
3834,80.66525233301692
3835,86.9040584444246
3836,83.00655553504384
3837,85.72484542309692
3838,89.17251610999077
3839,90.66401684361307
3840,83.71777182570847
3841,91.80164439947846
3842,88.10764830636614
3843,78.77147549210615
3844,88.91193611111461
3845,88.5763870976923
3846,73.07626120818462
3847,89.48575664829
3848,83.70202178580999
3849,88.19301749714691
3850,85.39274480017077
3851,82.37998453955615
3852,80.57463235211154
3853,80.89378102782615
3854,84.89379052057384
3855,84.47577963345616
3856,83.01441986554076
3857,83.91460054418923
3858,90.05273092934077
3859,92.0353415150123
3860,87.88733089597308
3861,89.22727213393
3862,80.47605132952154
3863,89.25428775138
3864,77.38858635645231
3865,89.16528845313307
3866,84.00727145291846
3867,89.10694314321461
3868,84.36907926364692
3869,85.76005488027154
3870,93.07692307692307
3871,83.72981605240538
3872,93.82733034250538
3873,86.3197936900123
3874,86.68883571946154
3875,84.79242319529385
3876,83.59827316012154
3877,93.45906491350539
3878,89.59374648468692
3879,87.47419956925
3880,86.98554159793846
3881,84.55560436305923
3882,84.11542227578231
3883,83.87021228885845
3884,81.52529206165693
3885,87.87671866266692
3886,86.75385254401384
3887,84.65680426160615
3888,92.78394708034
3889,79.19177508504461
3890,93.07692307692307
3891,84.05870470466846
3892,81.13993608621077
3893,85.31975914959
3894,87.36068054580616
3895,82.47868015841769
3896,93.07692307692307
3897,87.56592600825616
3898,84.52978742385538
3899,77.22433561311615
3900,81.93099341711769
3901,82.09424136254539
3902,89.43385563618462
3903,82.86734590024076
3904,78.29175877359769
3905,84.78188357054846
3906,79.19925431167846
3907,88.86599249444846
3908,86.82760290664847
3909,84.09212194913385
3910,88.4511126723746
3911,87.21846578374692
3912,85.53479226625615
3913,79.79832898172077
3914,89.46074752359615
3915,90.73596167069309
3916,84.73949007393385
3917,89.33900522447077
3918,79.15789988444155
3919,78.11259992891769
3920,85.3466322290977
3921,91.93007431673
3922,83.56140049490539
3923,80.88213940266077
3924,79.3672712737
3925,90.66186172491847
3926,82.0381966463377
3927,86.09621815067231
3928,91.22191235964846
3929,90.45990749123538
3930,79.47520935537462
3931,85.61098669842923
3932,84.25816992504463
3933,81.93166056318537
3934,82.22544958617308
3935,79.21892518656692
3936,86.61388855507154
3937,91.76045904600308
3938,91.23338489167615
3939,79.39964657177384
3940,80.32033943925154
3941,85.50261320536923
3942,81.70299789236846
3943,85.75916086072
3944,81.4237948001423
3945,91.60514067626846
3946,80.6137225810777
3947,88.76338553950077
3948,94.17687447707075
3949,87.25199973364384
3950,84.20553694162308
3951,94.38461538461539
3952,87.1251214208423
3953,87.03801774179769
3954,87.3946290228
3955,93.07692307692307
3956,88.53817318386538
3957,84.8503960486454
3958,93.07692307692307
3959,82.48505402095847
3960,82.27504908159924
3961,93.07692307692307
3962,80.41363390638692
3963,86.52694939147538
3964,85.06996477220385
3965,79.35784439218
3966,86.06991769144462
3967,88.91789134127538
3968,83.92682676880462
3969,78.84776351833153
3970,87.97350930739307
3971,88.43950908368768
3972,89.52622267519615
3973,90.39092215160923
3974,81.41804518798692
3975,85.85855696685
3976,82.34654771543308
3977,93.07692307692307
3978,82.69967821227
3979,88.00057221725231
3980,84.19598223082846
3981,86.48122739874462
3982,87.62544664237538
3983,80.86181277573692
3984,90.29550871698154
3985,80.58222117211153
3986,84.60194070705
3987,82.07481040709538
3988,94.66397938476615
3989,85.62836834348693
3990,89.13813395790923
3991,89.02646076856922
3992,93.07692307692307
3993,85.46401121576692
3994,91.50258562768386
3995,93.07692307692307
3996,86.73307563047155
3997,84.79588496938231
3998,93.74096331494692
3999,88.80371222589308
4000,84.14274909552309
